{"cameraMode":{"drawMode":0,"name":"Shaded","section":"Shading Mode"},"sceneLighting":false,"audioPlay":false,"sceneViewState":{"m_AlwaysRefresh":false,"showFog":true,"showSkybox":false,"showFlares":true,"showImageEffects":true,"showParticleSystems":true,"showVisualEffectGraphs":true,"m_FxEnabled":true},"in2DMode":false,"pivot":{"x":4.000004768371582,"y":-0.08135046064853668,"z":13.301219940185547},"rotation":{"x":0.23472605645656587,"y":0.05336027964949608,"z":-0.012952903285622597,"w":0.9704789519309998},"size":13.889890670776368,"orthographic":false}