{"cameraMode":{"drawMode":0,"name":"Shaded","section":"Shading Mode"},"sceneLighting":false,"audioPlay":false,"sceneViewState":{"m_AlwaysRefresh":false,"showFog":true,"showSkybox":false,"showFlares":true,"showImageEffects":true,"showParticleSystems":true,"showVisualEffectGraphs":true,"m_FxEnabled":true},"in2DMode":false,"pivot":{"x":0.18566733598709107,"y":0.0006745196878910065,"z":-0.2241452932357788},"rotation":{"x":0.07339835166931153,"y":0.09589696675539017,"z":-0.007092267274856567,"w":0.9926462769508362},"size":2.34863543510437,"orthographic":false}