{"cameraMode":{"drawMode":0,"name":"Shaded","section":"Shading Mode"},"sceneLighting":true,"audioPlay":false,"sceneViewState":{"m_AlwaysRefresh":false,"showFog":true,"showSkybox":true,"showFlares":true,"showImageEffects":true,"showParticleSystems":true,"showVisualEffectGraphs":true,"m_FxEnabled":true},"in2DMode":false,"pivot":{"x":-12.335895538330079,"y":-66.24485778808594,"z":-18.710098266601564},"rotation":{"x":-0.5219830870628357,"y":0.003171582706272602,"z":-0.002638463629409671,"w":-0.8527044057846069},"size":179.68373107910157,"orthographic":false}